{
    "dmda": [
        2.051475,
        2.366044,
        2.119342
    ],
    "dmdap": [
        2.160017,
        2.079985,
        2.104034
    ],
    "dmda_avg": 2.1789536666666667,
    "dmdap_avg": 2.114678666666667
}