{
    "dmda": [
        14.27522,
        14.17432,
        14.12397
    ],
    "dmdap": [
        14.17706,
        14.14405,
        14.09202
    ],
    "dmda_avg": 14.19117,
    "dmdap_avg": 14.13771
}