{
    "dmda": [
        12.38406,
        12.29603,
        13.05799
    ],
    "dmdap": [
        11.88796,
        11.80403,
        11.86799
    ],
    "dmda_avg": 12.57936,
    "dmdap_avg": 11.853326666666666
}