{
    "dmda": [
        11.82471,
        12.05603,
        11.87603
    ],
    "dmdap": [
        11.88798,
        11.98003,
        11.76003
    ],
    "dmda_avg": 11.918923333333334,
    "dmdap_avg": 11.876013333333333
}