{
    "dmda": [
        10.77603,
        11.19171,
        10.57203
    ],
    "dmdap": [
        9.616799,
        9.732034,
        9.597342
    ],
    "dmda_avg": 10.846589999999999,
    "dmdap_avg": 9.648724999999999
}