{
    "dmda": [
        2.532024,
        2.244809,
        2.176023
    ],
    "dmdap": [
        2.332436,
        2.437665,
        2.190901
    ],
    "dmda_avg": 2.3176186666666667,
    "dmdap_avg": 2.3203340000000003
}