{
    "dmda": [
        7.788024,
        7.799991,
        7.828537
    ],
    "dmdap": [
        7.519982,
        7.6342,
        7.648027
    ],
    "dmda_avg": 7.805517333333333,
    "dmdap_avg": 7.600736333333333
}