{
    "dmda": [
        6.423951,
        6.454165,
        6.584809
    ],
    "dmdap": [
        5.607539,
        5.59194,
        5.68402
    ],
    "dmda_avg": 6.487641666666666,
    "dmdap_avg": 5.627833
}