{
    "dmda": [
        5.73203,
        5.844993,
        5.558873
    ],
    "dmdap": [
        5.551965,
        5.468018,
        5.52403
    ],
    "dmda_avg": 5.7119653333333344,
    "dmdap_avg": 5.514671
}