{
    "dmda": [
        0.735965,
        0.705467,
        0.6519599
    ],
    "dmdap": [
        0.715915,
        0.781445,
        0.8082352
    ],
    "dmda_avg": 0.6977973,
    "dmdap_avg": 0.7685317333333334
}