{
    "dmda": [
        15.20439,
        15.03812,
        14.67324
    ],
    "dmdap": [
        13.71324,
        13.85274,
        13.74609
    ],
    "dmda_avg": 14.971916666666667,
    "dmdap_avg": 13.770690000000002
}