{
    "dmda": [
        0.7922311,
        0.8080142,
        0.934921
    ],
    "dmdap": [
        0.8239901,
        0.7920139,
        0.780874
    ],
    "dmda_avg": 0.8450554333333334,
    "dmdap_avg": 0.7989593333333334
}