{
    "dmda": [
        3.898045,
        3.900041,
        3.816013
    ],
    "dmdap": [
        3.776437,
        3.655934,
        3.868022
    ],
    "dmda_avg": 3.871366333333333,
    "dmdap_avg": 3.7667976666666667
}