{
    "dmda": [
        8.226453,
        8.420029,
        8.194608
    ],
    "dmdap": [
        7.579948,
        7.573668,
        7.575974
    ],
    "dmda_avg": 8.280363333333334,
    "dmdap_avg": 7.576530000000001
}