{
    "dmda": [
        12.04373,
        11.80871,
        12.05704
    ],
    "dmdap": [
        12.01193,
        11.86798,
        11.78398
    ],
    "dmda_avg": 11.969826666666668,
    "dmdap_avg": 11.887963333333332
}