{
    "dmda": [
        2.892002,
        2.384018,
        2.564101
    ],
    "dmdap": [
        2.671988,
        2.450956,
        2.436448
    ],
    "dmda_avg": 2.613373666666667,
    "dmdap_avg": 2.5197973333333334
}