{
    "dmda": [
        3.532021,
        3.596648,
        3.584035
    ],
    "dmdap": [
        3.636026,
        3.587997,
        3.512018
    ],
    "dmda_avg": 3.5709013333333335,
    "dmdap_avg": 3.5786803333333332
}