{
    "dmda": [
        11.73832,
        11.95203,
        11.78803
    ],
    "dmdap": [
        11.82802,
        11.88805,
        11.87603
    ],
    "dmda_avg": 11.826126666666667,
    "dmdap_avg": 11.864033333333333
}