{
    "dmda": [
        3.727991,
        3.659994,
        3.683995
    ],
    "dmdap": [
        3.744898,
        3.596025,
        3.664029
    ],
    "dmda_avg": 3.69066,
    "dmdap_avg": 3.668317333333333
}