{
    "dmda": [
        8.302762,
        7.954739,
        7.876128
    ],
    "dmdap": [
        7.487978,
        7.840761,
        7.731317
    ],
    "dmda_avg": 8.044542999999999,
    "dmdap_avg": 7.686685333333333
}