{
    "dmda": [
        15.01198,
        14.36929,
        14.19143
    ],
    "dmdap": [
        14.03603,
        14.01917,
        13.9163
    ],
    "dmda_avg": 14.524233333333333,
    "dmdap_avg": 13.990499999999999
}