{
    "dmda": [
        3.736018,
        3.860032,
        3.828013
    ],
    "dmdap": [
        3.747779,
        3.567704,
        3.568319
    ],
    "dmda_avg": 3.808021,
    "dmdap_avg": 3.6279339999999998
}