{
    "dmda": [
        13.6504,
        13.69931,
        13.93838
    ],
    "dmdap": [
        13.83212,
        13.99347,
        13.7767
    ],
    "dmda_avg": 13.762696666666669,
    "dmdap_avg": 13.867429999999999
}