{
    "dmda": [
        2.368008,
        2.278239,
        2.513433
    ],
    "dmdap": [
        2.203538,
        2.499422,
        2.269527
    ],
    "dmda_avg": 2.3865600000000002,
    "dmdap_avg": 2.324162333333333
}