{
    "dmda": [
        0.7320111,
        0.975919,
        0.975698
    ],
    "dmdap": [
        0.799968,
        0.8240101,
        0.855974
    ],
    "dmda_avg": 0.8945427,
    "dmdap_avg": 0.8266507000000001
}