{
    "dmda": [
        0.80458,
        0.700012,
        0.7493501
    ],
    "dmdap": [
        0.7440112,
        0.844023,
        0.9499011
    ],
    "dmda_avg": 0.7513140333333332,
    "dmdap_avg": 0.8459784333333333
}