{
    "dmda": [
        1.070027,
        0.771831,
        0.8019981
    ],
    "dmdap": [
        0.9559441,
        0.831732,
        1.026379
    ],
    "dmda_avg": 0.8812853666666668,
    "dmdap_avg": 0.9380183666666667
}