{
    "dmda": [
        3.448025,
        3.467715,
        3.440012
    ],
    "dmdap": [
        3.49596,
        3.556018,
        3.488011
    ],
    "dmda_avg": 3.451917333333333,
    "dmdap_avg": 3.513329666666667
}