{
    "dmda": [
        12.15603,
        12.58799,
        12.38002
    ],
    "dmdap": [
        12.04899,
        11.90803,
        12.02285
    ],
    "dmda_avg": 12.37468,
    "dmdap_avg": 11.99329
}