{
    "dmda": [
        14.56795,
        14.59598,
        14.77922
    ],
    "dmdap": [
        14.04248,
        14.081,
        13.95778
    ],
    "dmda_avg": 14.647716666666668,
    "dmdap_avg": 14.027086666666667
}