{
    "dmda": [
        2.180003,
        2.232042,
        2.163961
    ],
    "dmdap": [
        2.196688,
        2.155983,
        2.285119
    ],
    "dmda_avg": 2.192002,
    "dmdap_avg": 2.2125966666666668
}